\\Hourly Demand Report,,,
\\Created at 2019-04-02 07:30:07,,,
\\For 2019,,,
Date,Hour,Market Demand,Ontario Demand
2019-01-01,1,16231,13198
2019-01-01,2,16051,12737
2019-01-01,3,15805,12531
2019-01-01,4,15580,12291
2019-01-01,5,15609,12305
2019-01-01,6,15775,12559
2019-01-01,7,15966,13009
2019-01-01,8,16342,13234
2019-01-01,9,16188,13558
2019-01-01,10,16515,13973
2019-01-01,11,16706,14207
2019-01-01,12,16446,14391
2019-01-01,13,16464,14442
2019-01-01,14,16510,14427
2019-01-01,15,16850,14557
2019-01-01,16,17062,15000
2019-01-01,17,18043,16064
2019-01-01,18,19196,17232
2019-01-01,19,19291,17278
2019-01-01,20,19281,17055
2019-01-01,21,19011,16834
2019-01-01,22,18490,16320
2019-01-01,23,17205,15521
2019-01-01,24,16656,14944
2019-01-02,1,16292,14631
2019-01-02,2,16049,14240
2019-01-02,3,15946,14021
2019-01-02,4,15886,13924
2019-01-02,5,16308,14183
2019-01-02,6,16899,14813
2019-01-02,7,17903,16096
2019-01-02,8,18912,17129
2019-01-02,9,19278,17438
2019-01-02,10,19187,17409
2019-01-02,11,19134,17392
2019-01-02,12,19202,17407
2019-01-02,13,19504,17611
2019-01-02,14,19792,17850
2019-01-02,15,19821,17997
2019-01-02,16,20136,18464
2019-01-02,17,20569,18802
2019-01-02,18,21318,19666
2019-01-02,19,21048,19285
2019-01-02,20,20778,19136
2019-01-02,21,20449,18737
2019-01-02,22,19652,17961
2019-01-02,23,18627,16811
2019-01-02,24,17719,15879
2019-01-03,1,17527,15236
2019-01-03,2,17454,14589
2019-01-03,3,17504,14349
2019-01-03,4,17249,14024
2019-01-03,5,17155,14074
2019-01-03,6,17018,14539
2019-01-03,7,17765,15604
2019-01-03,8,18656,16668
2019-01-03,9,19115,17220
2019-01-03,10,19613,17670
2019-01-03,11,19648,17858
2019-01-03,12,19586,17719
2019-01-03,13,19532,17417
2019-01-03,14,19675,17471
2019-01-03,15,19835,17657
2019-01-03,16,20037,17777
2019-01-03,17,20345,18230
2019-01-03,18,20827,18803
2019-01-03,19,20119,18414
2019-01-03,20,20244,18182
2019-01-03,21,19873,17868
2019-01-03,22,19210,17048
2019-01-03,23,18381,16071
2019-01-03,24,18014,15024
2019-01-04,1,17998,14378
2019-01-04,2,17292,13862
2019-01-04,3,16980,13622
2019-01-04,4,16943,13464
2019-01-04,5,16306,13560
2019-01-04,6,16987,13984
2019-01-04,7,17351,15038
2019-01-04,8,18517,15999
2019-01-04,9,18360,16178
2019-01-04,10,18785,16297
2019-01-04,11,18807,16269
2019-01-04,12,18548,16171
2019-01-04,13,18466,15948
2019-01-04,14,18460,15733
2019-01-04,15,17933,15513
2019-01-04,16,17998,15878
2019-01-04,17,18618,16633
2019-01-04,18,19858,17738
2019-01-04,19,19739,17658
2019-01-04,20,19521,17425
2019-01-04,21,19107,17038
2019-01-04,22,18635,16647
2019-01-04,23,17679,15772
2019-01-04,24,16675,14740
2019-01-05,1,16060,13781
2019-01-05,2,15490,13223
2019-01-05,3,15640,12984
2019-01-05,4,15500,12882
2019-01-05,5,15785,12994
2019-01-05,6,15836,13167
2019-01-05,7,16229,13641
2019-01-05,8,17055,14488
2019-01-05,9,17174,15072
2019-01-05,10,17707,15504
2019-01-05,11,18085,15764
2019-01-05,12,18442,16042
2019-01-05,13,18131,16056
2019-01-05,14,17959,15840
2019-01-05,15,17537,15761
2019-01-05,16,18055,15859
2019-01-05,17,18549,16343
2019-01-05,18,19518,17184
2019-01-05,19,19299,16913
2019-01-05,20,19048,16558
2019-01-05,21,18495,16106
2019-01-05,22,18242,15543
2019-01-05,23,17176,14756
2019-01-05,24,16759,13810
2019-01-06,1,16736,13323
2019-01-06,2,16451,12839
2019-01-06,3,15895,12462
2019-01-06,4,15723,12332
2019-01-06,5,15969,12502
2019-01-06,6,16041,12643
2019-01-06,7,16461,13061
2019-01-06,8,16933,13748
2019-01-06,9,17025,14211
2019-01-06,10,17261,14576
2019-01-06,11,17127,14798
2019-01-06,12,16714,14637
2019-01-06,13,17316,14968
2019-01-06,14,17587,15167
2019-01-06,15,18156,15389
2019-01-06,16,18385,15849
2019-01-06,17,18752,16731
2019-01-06,18,19966,18226
2019-01-06,19,19932,18194
2019-01-06,20,19822,17843
2019-01-06,21,19238,17404
2019-01-06,22,18709,16848
2019-01-06,23,17785,15899
2019-01-06,24,17104,14959
2019-01-07,1,17092,14474
2019-01-07,2,16696,14024
2019-01-07,3,16542,13803
2019-01-07,4,16367,13732
2019-01-07,5,16841,14101
2019-01-07,6,17454,14763
2019-01-07,7,18723,16056
2019-01-07,8,20282,17642
2019-01-07,9,20727,18007
2019-01-07,10,20756,18027
2019-01-07,11,20775,18146
2019-01-07,12,21082,18329
2019-01-07,13,20724,18344
2019-01-07,14,20515,18388
2019-01-07,15,20118,18247
2019-01-07,16,20458,18356
2019-01-07,17,20855,18977
2019-01-07,18,21361,19717
2019-01-07,19,20628,19204
2019-01-07,20,20626,18954
2019-01-07,21,20010,18550
2019-01-07,22,20020,17843
2019-01-07,23,19071,16650
2019-01-07,24,18123,15568
2019-01-08,1,17672,14711
2019-01-08,2,17507,14104
2019-01-08,3,17079,13773
2019-01-08,4,17061,13591
2019-01-08,5,17279,13826
2019-01-08,6,17074,14413
2019-01-08,7,18200,15647
2019-01-08,8,19080,17043
2019-01-08,9,18905,17102
2019-01-08,10,18222,16911
2019-01-08,11,18269,16891
2019-01-08,12,18526,16873
2019-01-08,13,18747,16721
2019-01-08,14,18553,16907
2019-01-08,15,18985,17045
2019-01-08,16,19482,17234
2019-01-08,17,19786,17795
2019-01-08,18,20528,18527
2019-01-08,19,20084,18031
2019-01-08,20,19760,17746
2019-01-08,21,19540,17361
2019-01-08,22,18829,16705
2019-01-08,23,18166,15699
2019-01-08,24,17541,14746
2019-01-09,1,16889,13907
2019-01-09,2,16682,13478
2019-01-09,3,16499,13443
2019-01-09,4,16675,13512
2019-01-09,5,16673,13599
2019-01-09,6,16875,14067
2019-01-09,7,17460,15242
2019-01-09,8,18463,16411
2019-01-09,9,19019,17061
2019-01-09,10,19110,17146
2019-01-09,11,19353,17202
2019-01-09,12,19368,16931
2019-01-09,13,19198,16834
2019-01-09,14,19142,16743
2019-01-09,15,19182,16807
2019-01-09,16,19671,17142
2019-01-09,17,20107,17982
2019-01-09,18,20909,18794
2019-01-09,19,21298,18747
2019-01-09,20,21133,18645
2019-01-09,21,20824,18334
2019-01-09,22,20294,17567
2019-01-09,23,19396,16590
2019-01-09,24,18418,15477
2019-01-10,1,18031,14716
2019-01-10,2,17647,14340
2019-01-10,3,17523,14134
2019-01-10,4,18013,14083
2019-01-10,5,17990,14312
2019-01-10,6,18127,14965
2019-01-10,7,19105,16373
2019-01-10,8,20160,17677
2019-01-10,9,20428,18082
2019-01-10,10,20057,17887
2019-01-10,11,20153,17720
2019-01-10,12,19821,17294
2019-01-10,13,19740,17075
2019-01-10,14,19737,16996
2019-01-10,15,19758,17104
2019-01-10,16,20368,17626
2019-01-10,17,21253,18607
2019-01-10,18,22342,19804
2019-01-10,19,22395,20012
2019-01-10,20,22103,19965
2019-01-10,21,21792,19638
2019-01-10,22,20938,18957
2019-01-10,23,19494,17753
2019-01-10,24,19028,16737
2019-01-11,1,18393,15897
2019-01-11,2,18160,15604
2019-01-11,3,18392,15697
2019-01-11,4,18050,15639
2019-01-11,5,18092,15670
2019-01-11,6,18717,16306
2019-01-11,7,19772,17618
2019-01-11,8,21079,19088
2019-01-11,9,20726,19305
2019-01-11,10,20477,19016
2019-01-11,11,20257,18572
2019-01-11,12,20129,17974
2019-01-11,13,19881,17632
2019-01-11,14,19858,17450
2019-01-11,15,19786,17481
2019-01-11,16,20135,18012
2019-01-11,17,20971,18919
2019-01-11,18,21980,19934
2019-01-11,19,21862,19826
2019-01-11,20,21498,19557
2019-01-11,21,21042,19207
2019-01-11,22,20507,18563
2019-01-11,23,19752,17679
2019-01-11,24,18520,16548
2019-01-12,1,18214,15742
2019-01-12,2,17662,15286
2019-01-12,3,17227,14936
2019-01-12,4,17144,14769
2019-01-12,5,16761,14744
2019-01-12,6,17588,14983
2019-01-12,7,17323,15512
2019-01-12,8,17931,16279
2019-01-12,9,18376,16962
2019-01-12,10,18942,17202
2019-01-12,11,18983,17044
2019-01-12,12,19249,17015
2019-01-12,13,19543,16808
2019-01-12,14,19505,16703
2019-01-12,15,19470,16796
2019-01-12,16,19441,17135
2019-01-12,17,19584,17785
2019-01-12,18,20518,18853
2019-01-12,19,20419,18658
2019-01-12,20,19759,18118
2019-01-12,21,19365,17750
2019-01-12,22,19606,17313
2019-01-12,23,19094,16705
2019-01-12,24,18407,15867
2019-01-13,1,17859,15174
2019-01-13,2,17134,14619
2019-01-13,3,17098,14441
2019-01-13,4,17186,14438
2019-01-13,5,17111,14464
2019-01-13,6,17297,14565
2019-01-13,7,17547,14998
2019-01-13,8,17849,15741
2019-01-13,9,18307,16248
2019-01-13,10,18622,16384
2019-01-13,11,18451,16230
2019-01-13,12,18797,16250
2019-01-13,13,19194,16322
2019-01-13,14,19089,16231
2019-01-13,15,19029,16316
2019-01-13,16,18754,16769
2019-01-13,17,18983,17804
2019-01-13,18,20617,19220
2019-01-13,19,20758,19314
2019-01-13,20,20565,18788
2019-01-13,21,20384,18315
2019-01-13,22,19885,17814
2019-01-13,23,19089,16980
2019-01-13,24,18243,16052
2019-01-14,1,17650,15459
2019-01-14,2,17471,14977
2019-01-14,3,17486,14979
2019-01-14,4,17433,15050
2019-01-14,5,17491,15228
2019-01-14,6,17683,15856
2019-01-14,7,18659,17157
2019-01-14,8,20058,18718
2019-01-14,9,20301,18922
2019-01-14,10,20221,18275
2019-01-14,11,19930,17968
2019-01-14,12,20151,17662
2019-01-14,13,19912,17289
2019-01-14,14,19687,17147
2019-01-14,15,19692,17240
2019-01-14,16,19612,17508
2019-01-14,17,19915,18283
2019-01-14,18,21488,19390
2019-01-14,19,21717,19555
2019-01-14,20,21730,19291
2019-01-14,21,21198,18924
2019-01-14,22,20642,18253
2019-01-14,23,18636,17031
2019-01-14,24,17835,15834
2019-01-15,1,17104,15166
2019-01-15,2,16559,14607
2019-01-15,3,16767,14553
2019-01-15,4,16554,14434
2019-01-15,5,16755,14610
2019-01-15,6,16569,15148
2019-01-15,7,17930,16347
2019-01-15,8,19230,17705
2019-01-15,9,19824,18111
2019-01-15,10,19896,18043
2019-01-15,11,20204,18080
2019-01-15,12,20380,18083
2019-01-15,13,19923,17778
2019-01-15,14,20056,17820
2019-01-15,15,20037,17882
2019-01-15,16,20187,18147
2019-01-15,17,20514,18794
2019-01-15,18,20987,19291
2019-01-15,19,20853,19061
2019-01-15,20,20997,18765
2019-01-15,21,20745,18507
2019-01-15,22,19971,17749
2019-01-15,23,18889,16742
2019-01-15,24,17923,15693
2019-01-16,1,17514,14877
2019-01-16,2,17273,14649
2019-01-16,3,17444,14542
2019-01-16,4,17345,14451
2019-01-16,5,17481,14553
2019-01-16,6,17643,15166
2019-01-16,7,18653,16164
2019-01-16,8,20462,17677
2019-01-16,9,20448,17990
2019-01-16,10,20305,17991
2019-01-16,11,19894,17789
2019-01-16,12,19396,17307
2019-01-16,13,18806,16793
2019-01-16,14,18659,16524
2019-01-16,15,18878,16505
2019-01-16,16,19298,16986
2019-01-16,17,20922,18473
2019-01-16,18,22211,19659
2019-01-16,19,22346,19928
2019-01-16,20,22238,19866
2019-01-16,21,21977,19639
2019-01-16,22,21265,18946
2019-01-16,23,19903,17730
2019-01-16,24,18534,16645
2019-01-17,1,17738,15894
2019-01-17,2,17504,15573
2019-01-17,3,17356,15387
2019-01-17,4,17320,15384
2019-01-17,5,17519,15573
2019-01-17,6,17889,16088
2019-01-17,7,19025,17289
2019-01-17,8,20615,18781
2019-01-17,9,20646,18898
2019-01-17,10,20704,18312
2019-01-17,11,20244,17993
2019-01-17,12,20406,17928
2019-01-17,13,20347,18105
2019-01-17,14,20606,18259
2019-01-17,15,20885,18368
2019-01-17,16,20765,18478
2019-01-17,17,21418,19188
2019-01-17,18,22752,20142
2019-01-17,19,22741,20113
2019-01-17,20,22185,19697
2019-01-17,21,21876,19351
2019-01-17,22,20545,18744
2019-01-17,23,19112,17736
2019-01-17,24,18091,16577
2019-01-18,1,16835,15737
2019-01-18,2,16778,15453
2019-01-18,3,16929,15316
2019-01-18,4,16960,15198
2019-01-18,5,16882,15026
2019-01-18,6,16828,15361
2019-01-18,7,18493,16643
2019-01-18,8,20387,18113
2019-01-18,9,20736,18499
2019-01-18,10,20836,18465
2019-01-18,11,20430,18414
2019-01-18,12,20536,18312
2019-01-18,13,20382,18329
2019-01-18,14,20296,18323
2019-01-18,15,20228,18040
2019-01-18,16,20170,18071
2019-01-18,17,20475,18531
2019-01-18,18,21164,19257
2019-01-18,19,21349,19170
2019-01-18,20,20940,18990
2019-01-18,21,20605,18799
2019-01-18,22,19793,18243
2019-01-18,23,18845,17354
2019-01-18,24,18060,16320
2019-01-19,1,18126,15676
2019-01-19,2,17752,15458
2019-01-19,3,17728,15234
2019-01-19,4,17249,15015
2019-01-19,5,17946,15382
2019-01-19,6,18290,15697
2019-01-19,7,18510,16037
2019-01-19,8,18346,16667
2019-01-19,9,18802,17414
2019-01-19,10,20149,18234
2019-01-19,11,20737,18853
2019-01-19,12,20826,19204
2019-01-19,13,20770,19311
2019-01-19,14,20903,19371
2019-01-19,15,21056,19105
2019-01-19,16,21104,18911
2019-01-19,17,21906,19396
2019-01-19,18,22849,20324
2019-01-19,19,22878,20249
2019-01-19,20,22311,19613
2019-01-19,21,22024,19229
2019-01-19,22,20884,18535
2019-01-19,23,19760,17707
2019-01-19,24,19040,16946
2019-01-20,1,18553,16404
2019-01-20,2,18406,16044
2019-01-20,3,18563,15878
2019-01-20,4,18690,15827
2019-01-20,5,18700,15745
2019-01-20,6,18633,15784
2019-01-20,7,18964,16108
2019-01-20,8,19657,16738
2019-01-20,9,20647,17353
2019-01-20,10,21017,17806
2019-01-20,11,21079,17939
2019-01-20,12,20996,18034
2019-01-20,13,20949,18172
2019-01-20,14,21126,18115
2019-01-20,15,20977,18129
2019-01-20,16,21029,18495
2019-01-20,17,21913,19361
2019-01-20,18,23531,20758
2019-01-20,19,23704,20879
2019-01-20,20,23553,20460
2019-01-20,21,22941,20025
2019-01-20,22,22318,19424
2019-01-20,23,21261,18514
2019-01-20,24,20434,17609
2019-01-21,1,19911,17163
2019-01-21,2,19653,17017
2019-01-21,3,18517,16744
2019-01-21,4,19767,16722
2019-01-21,5,19415,16969
2019-01-21,6,20033,17590
2019-01-21,7,21030,18773
2019-01-21,8,22846,20360
2019-01-21,9,22765,20534
2019-01-21,10,22987,20369
2019-01-21,11,22661,20364
2019-01-21,12,22455,20304
2019-01-21,13,22497,20103
2019-01-21,14,22286,19838
2019-01-21,15,21998,19533
2019-01-21,16,22322,19584
2019-01-21,17,22417,20356
2019-01-21,18,23865,21525
2019-01-21,19,23833,21274
2019-01-21,20,23056,20875
2019-01-21,21,22931,20574
2019-01-21,22,22553,20176
2019-01-21,23,21598,19163
2019-01-21,24,20568,18090
2019-01-22,1,19828,17370
2019-01-22,2,19414,17011
2019-01-22,3,18534,16683
2019-01-22,4,18338,16627
2019-01-22,5,18342,16767
2019-01-22,6,18953,17166
2019-01-22,7,20625,18410
2019-01-22,8,21429,19747
2019-01-22,9,21788,19847
2019-01-22,10,22536,19635
2019-01-22,11,22582,19707
2019-01-22,12,22787,19701
2019-01-22,13,21957,19342
2019-01-22,14,21948,19391
2019-01-22,15,21738,19275
2019-01-22,16,21603,19339
2019-01-22,17,21960,19797
2019-01-22,18,22804,20504
2019-01-22,19,22722,20591
2019-01-22,20,22646,20254
2019-01-22,21,22574,19910
2019-01-22,22,21972,19220
2019-01-22,23,20560,18139
2019-01-22,24,19100,16847
2019-01-23,1,18468,16181
2019-01-23,2,17110,15737
2019-01-23,3,17766,15587
2019-01-23,4,17377,15462
2019-01-23,5,17427,15414
2019-01-23,6,17765,15907
2019-01-23,7,18660,16897
2019-01-23,8,19530,17954
2019-01-23,9,19841,18392
2019-01-23,10,19806,18427
2019-01-23,11,20886,18678
2019-01-23,12,21135,18707
2019-01-23,13,20912,18616
2019-01-23,14,21018,18605
2019-01-23,15,20773,18404
2019-01-23,16,20812,18508
2019-01-23,17,20758,18875
2019-01-23,18,21577,19389
2019-01-23,19,21539,19074
2019-01-23,20,21228,18839
2019-01-23,21,20661,18603
2019-01-23,22,20208,17912
2019-01-23,23,18693,16692
2019-01-23,24,17718,15549
2019-01-24,1,16500,14826
2019-01-24,2,16352,14426
2019-01-24,3,16166,14290
2019-01-24,4,16175,14181
2019-01-24,5,16783,14468
2019-01-24,6,17221,14982
2019-01-24,7,18257,16110
2019-01-24,8,19318,17417
2019-01-24,9,20320,18169
2019-01-24,10,19968,17903
2019-01-24,11,20341,17981
2019-01-24,12,19849,17728
2019-01-24,13,19328,17457
2019-01-24,14,19208,17371
2019-01-24,15,19320,17604
2019-01-24,16,19327,17835
2019-01-24,17,19758,18393
2019-01-24,18,20509,19125
2019-01-24,19,20838,19251
2019-01-24,20,20928,19026
2019-01-24,21,20543,18747
2019-01-24,22,20083,18260
2019-01-24,23,19133,17271
2019-01-24,24,18333,16130
2019-01-25,1,17939,15416
2019-01-25,2,17565,15024
2019-01-25,3,17239,14730
2019-01-25,4,17252,14686
2019-01-25,5,17367,14815
2019-01-25,6,18025,15524
2019-01-25,7,18786,16526
2019-01-25,8,20026,17888
2019-01-25,9,20324,18226
2019-01-25,10,20282,18109
2019-01-25,11,19857,17624
2019-01-25,12,19783,17430
2019-01-25,13,19703,17409
2019-01-25,14,19815,17663
2019-01-25,15,20005,17730
2019-01-25,16,19674,17803
2019-01-25,17,19889,18013
2019-01-25,18,20908,18924
2019-01-25,19,21128,19165
2019-01-25,20,20743,18885
2019-01-25,21,20558,18858
2019-01-25,22,20231,18449
2019-01-25,23,19414,17655
2019-01-25,24,19074,16734
2019-01-26,1,18515,16179
2019-01-26,2,18148,15837
2019-01-26,3,17915,15596
2019-01-26,4,17633,15454
2019-01-26,5,17175,15521
2019-01-26,6,17569,15656
2019-01-26,7,17996,16324
2019-01-26,8,18913,17018
2019-01-26,9,19442,17711
2019-01-26,10,19512,17925
2019-01-26,11,19048,17410
2019-01-26,12,18802,17042
2019-01-26,13,18791,16918
2019-01-26,14,18360,16811
2019-01-26,15,18547,16949
2019-01-26,16,18750,17490
2019-01-26,17,19244,18158
2019-01-26,18,20347,19223
2019-01-26,19,20986,19534
2019-01-26,20,20192,18897
2019-01-26,21,19554,18356
2019-01-26,22,19046,17681
2019-01-26,23,18382,17130
2019-01-26,24,18578,16633
2019-01-27,1,17464,15686
2019-01-27,2,17127,15187
2019-01-27,3,16802,14935
2019-01-27,4,17328,14768
2019-01-27,5,17541,14607
2019-01-27,6,17897,14824
2019-01-27,7,17992,15295
2019-01-27,8,18502,15879
2019-01-27,9,19067,16433
2019-01-27,10,19687,16960
2019-01-27,11,19074,17019
2019-01-27,12,18939,16978
2019-01-27,13,19141,16892
2019-01-27,14,19589,17005
2019-01-27,15,19867,17097
2019-01-27,16,20158,17465
2019-01-27,17,20851,18365
2019-01-27,18,21663,19553
2019-01-27,19,22198,20056
2019-01-27,20,21415,19584
2019-01-27,21,20853,19034
2019-01-27,22,19995,18493
2019-01-27,23,19215,17735
2019-01-27,24,18739,17185
2019-01-28,1,18379,16709
2019-01-28,2,17742,16331
2019-01-28,3,17421,16177
2019-01-28,4,17333,16180
2019-01-28,5,17267,16205
2019-01-28,6,18498,16852
2019-01-28,7,19852,18227
2019-01-28,8,21280,19597
2019-01-28,9,21386,19590
2019-01-28,10,21472,19365
2019-01-28,11,22220,19401
2019-01-28,12,22350,19493
2019-01-28,13,22351,19592
2019-01-28,14,22256,19682
2019-01-28,15,22034,19594
2019-01-28,16,21863,19707
2019-01-28,17,21692,20090
2019-01-28,18,23167,21049
2019-01-28,19,23598,21041
2019-01-28,20,23138,20827
2019-01-28,21,22200,20432
2019-01-28,22,21742,19584
2019-01-28,23,20192,18394
2019-01-28,24,19747,17235
2019-01-29,1,19244,16446
2019-01-29,2,19371,16092
2019-01-29,3,19398,15803
2019-01-29,4,19120,15616
2019-01-29,5,19410,15779
2019-01-29,6,19224,16265
2019-01-29,7,19962,17415
2019-01-29,8,21285,18637
2019-01-29,9,21569,18963
2019-01-29,10,22263,19177
2019-01-29,11,21971,19036
2019-01-29,12,21538,18702
2019-01-29,13,21383,18593
2019-01-29,14,21010,18648
2019-01-29,15,20764,18456
2019-01-29,16,21031,18639
2019-01-29,17,21703,19137
2019-01-29,18,22633,19746
2019-01-29,19,23056,20169
2019-01-29,20,23280,20040
2019-01-29,21,23030,19880
2019-01-29,22,22115,19207
2019-01-29,23,20578,17959
2019-01-29,24,19695,16918
2019-01-30,1,19281,16109
2019-01-30,2,19036,15865
2019-01-30,3,19093,15700
2019-01-30,4,19008,15695
2019-01-30,5,19144,15844
2019-01-30,6,19618,16518
2019-01-30,7,20603,17895
2019-01-30,8,21813,19153
2019-01-30,9,22118,19268
2019-01-30,10,21897,19031
2019-01-30,11,22076,18981
2019-01-30,12,22048,18917
2019-01-30,13,21810,18786
2019-01-30,14,21701,18802
2019-01-30,15,21790,18777
2019-01-30,16,21764,18923
2019-01-30,17,22548,19429
2019-01-30,18,23588,20333
2019-01-30,19,24377,20986
2019-01-30,20,24036,20930
2019-01-30,21,23679,20672
2019-01-30,22,22855,19943
2019-01-30,23,21306,18947
2019-01-30,24,20344,17931
2019-01-31,1,20100,17415
2019-01-31,2,19674,17139
2019-01-31,3,19455,16827
2019-01-31,4,19050,16816
2019-01-31,5,19469,16789
2019-01-31,6,20170,17389
2019-01-31,7,20825,18501
2019-01-31,8,21776,19808
2019-01-31,9,22874,20068
2019-01-31,10,22743,19609
2019-01-31,11,22155,19414
2019-01-31,12,22184,19202
2019-01-31,13,21509,18910
2019-01-31,14,21193,18799
2019-01-31,15,20883,18611
2019-01-31,16,21232,18962
2019-01-31,17,21649,19602
2019-01-31,18,23041,20596
2019-01-31,19,23946,20873
2019-01-31,20,24045,20764
2019-01-31,21,23743,20713
2019-01-31,22,22919,20321
2019-01-31,23,21646,19388
2019-01-31,24,20459,18277
2019-02-01,1,19517,17579
2019-02-01,2,18895,17177
2019-02-01,3,18916,17038
2019-02-01,4,18729,17043
2019-02-01,5,19207,17148
2019-02-01,6,19797,17561
2019-02-01,7,20494,18745
2019-02-01,8,22038,20007
2019-02-01,9,22267,20086
2019-02-01,10,22040,19519
2019-02-01,11,21366,19088
2019-02-01,12,20689,18744
2019-02-01,13,20442,18412
2019-02-01,14,20665,18159
2019-02-01,15,20507,18116
2019-02-01,16,20889,18279
2019-02-01,17,21536,19004
2019-02-01,18,22625,20008
2019-02-01,19,22707,20500
2019-02-01,20,22607,20301
2019-02-01,21,21901,20040
2019-02-01,22,21530,19440
2019-02-01,23,20900,18331
2019-02-01,24,19827,17306
2019-02-02,1,19475,16427
2019-02-02,2,18828,15873
2019-02-02,3,18569,15689
2019-02-02,4,18391,15568
2019-02-02,5,18371,15524
2019-02-02,6,18924,15682
2019-02-02,7,19198,15955
2019-02-02,8,19960,16754
2019-02-02,9,20421,17256
2019-02-02,10,20590,17694
2019-02-02,11,20704,18002
2019-02-02,12,21211,18041
2019-02-02,13,21042,17908
2019-02-02,14,19957,17550
2019-02-02,15,19728,17467
2019-02-02,16,19488,17421
2019-02-02,17,19924,17743
2019-02-02,18,20297,18334
2019-02-02,19,20333,18543
2019-02-02,20,19993,18035
2019-02-02,21,19937,17585
2019-02-02,22,19672,16984
2019-02-02,23,18781,16241
2019-02-02,24,18279,15435
2019-02-03,1,17287,14655
2019-02-03,2,17081,14188
2019-02-03,3,17016,14017
2019-02-03,4,17193,14053
2019-02-03,5,17640,14000
2019-02-03,6,17622,13992
2019-02-03,7,17540,14265
2019-02-03,8,17652,14935
2019-02-03,9,18417,15511
2019-02-03,10,18908,15886
2019-02-03,11,19512,16350
2019-02-03,12,19317,16307
2019-02-03,13,19306,16280
2019-02-03,14,19436,16104
2019-02-03,15,19734,16252
2019-02-03,16,19994,16471
2019-02-03,17,20100,17118
2019-02-03,18,20379,17720
2019-02-03,19,20010,17887
2019-02-03,20,19954,17277
2019-02-03,21,19359,16798
2019-02-03,22,18966,16063
2019-02-03,23,18460,15401
2019-02-03,24,17855,14696
2019-02-04,1,17142,14005
2019-02-04,2,16821,13765
2019-02-04,3,16708,13627
2019-02-04,4,16190,13509
2019-02-04,5,16613,13671
2019-02-04,6,16951,14226
2019-02-04,7,18137,15472
2019-02-04,8,19235,16741
2019-02-04,9,19490,16891
2019-02-04,10,19900,16980
2019-02-04,11,19903,16726
2019-02-04,12,19772,16439
2019-02-04,13,19906,16475
2019-02-04,14,19956,16481
2019-02-04,15,19542,16377
2019-02-04,16,19523,16474
2019-02-04,17,19964,17213
2019-02-04,18,20980,17903
2019-02-04,19,20893,18045
2019-02-04,20,20802,17781
2019-02-04,21,20290,17503
2019-02-04,22,19732,16735
2019-02-04,23,18603,15669
2019-02-04,24,17566,14699
2019-02-05,1,16818,14067
2019-02-05,2,16550,13695
2019-02-05,3,16240,13373
2019-02-05,4,16373,13371
2019-02-05,5,16426,13532
2019-02-05,6,16990,14125
2019-02-05,7,18360,15460
2019-02-05,8,19372,16771
2019-02-05,9,19300,16974
2019-02-05,10,19709,17230
2019-02-05,11,19548,17082
2019-02-05,12,19169,16887
2019-02-05,13,19114,16830
2019-02-05,14,19095,16780
2019-02-05,15,19063,16760
2019-02-05,16,18864,16990
2019-02-05,17,19645,17885
2019-02-05,18,20647,18988
2019-02-05,19,21067,19309
2019-02-05,20,20782,19262
2019-02-05,21,20459,18798
2019-02-05,22,19402,18078
2019-02-05,23,18371,17194
2019-02-05,24,17373,16164
2019-02-06,1,17480,15389
2019-02-06,2,17212,14978
2019-02-06,3,16846,14618
2019-02-06,4,16494,14505
2019-02-06,5,17130,14800
2019-02-06,6,17847,15315
2019-02-06,7,18401,16626
2019-02-06,8,19199,18079
2019-02-06,9,19479,18290
2019-02-06,10,19707,18656
2019-02-06,11,20226,19052
2019-02-06,12,20100,19254
2019-02-06,13,20349,19285
2019-02-06,14,19825,19181
2019-02-06,15,19646,19006
2019-02-06,16,19580,18933
2019-02-06,17,19995,19237
2019-02-06,18,20433,19661
2019-02-06,19,20408,19644
2019-02-06,20,20074,19283
2019-02-06,21,19707,18823
2019-02-06,22,18967,18080
2019-02-06,23,17987,17011
2019-02-06,24,16999,15881
2019-02-07,1,16622,15279
2019-02-07,2,16086,14792
2019-02-07,3,16068,14590
2019-02-07,4,16114,14469
2019-02-07,5,16127,14499
2019-02-07,6,16621,15188
2019-02-07,7,17928,16440
2019-02-07,8,19209,17742
2019-02-07,9,19113,17948
2019-02-07,10,19117,18176
2019-02-07,11,19018,18158
2019-02-07,12,19139,18051
2019-02-07,13,18920,17880
2019-02-07,14,18933,17906
2019-02-07,15,18937,17760
2019-02-07,16,19440,17853
2019-02-07,17,19859,18354
2019-02-07,18,20297,19060
2019-02-07,19,20289,19105
2019-02-07,20,20662,18894
2019-02-07,21,20384,18464
2019-02-07,22,19464,17543
2019-02-07,23,18016,16134
2019-02-07,24,17459,15154
2019-02-08,1,16875,14429
2019-02-08,2,16425,14015
2019-02-08,3,16143,13730
2019-02-08,4,16255,13723
2019-02-08,5,16433,13846
2019-02-08,6,17119,14558
2019-02-08,7,17729,15908
2019-02-08,8,19202,17272
2019-02-08,9,19511,17644
2019-02-08,10,19741,17747
2019-02-08,11,19691,17692
2019-02-08,12,19537,17511
2019-02-08,13,19664,17607
2019-02-08,14,19636,17533
2019-02-08,15,19482,17372
2019-02-08,16,19743,17616
2019-02-08,17,20323,18315
2019-02-08,18,21659,19066
2019-02-08,19,22008,19368
2019-02-08,20,21908,19337
2019-02-08,21,21514,19022
2019-02-08,22,21078,18376
2019-02-08,23,19830,17516
2019-02-08,24,18818,16446
2019-02-09,1,18221,15790
2019-02-09,2,17662,15263
2019-02-09,3,17357,15013
2019-02-09,4,17262,14943
2019-02-09,5,17299,14956
2019-02-09,6,17573,15234
2019-02-09,7,18415,15829
2019-02-09,8,19066,16356
2019-02-09,9,19565,16744
2019-02-09,10,19384,16743
2019-02-09,11,19505,16690
2019-02-09,12,19288,16774
2019-02-09,13,18970,16645
2019-02-09,14,18736,16423
2019-02-09,15,18717,16384
2019-02-09,16,18494,16483
2019-02-09,17,19093,17247
2019-02-09,18,20338,18561
2019-02-09,19,21057,19008
2019-02-09,20,20642,18553
2019-02-09,21,20176,18199
2019-02-09,22,19701,17667
2019-02-09,23,18797,16896
2019-02-09,24,18223,16148
2019-02-10,1,17883,15631
2019-02-10,2,16813,15035
2019-02-10,3,16808,14831
2019-02-10,4,16591,14689
2019-02-10,5,16766,14624
2019-02-10,6,17087,14869
2019-02-10,7,17319,15253
2019-02-10,8,17376,15695
2019-02-10,9,17695,16053
2019-02-10,10,17995,16359
2019-02-10,11,18376,16452
2019-02-10,12,17933,16233
2019-02-10,13,17643,16196
2019-02-10,14,17527,16219
2019-02-10,15,17786,16308
2019-02-10,16,17869,16634
2019-02-10,17,18879,17396
2019-02-10,18,19704,18286
2019-02-10,19,20362,18804
2019-02-10,20,20129,18553
2019-02-10,21,19916,18002
2019-02-10,22,19769,17772
2019-02-10,23,19063,16962
2019-02-10,24,18224,16061
2019-02-11,1,17231,15405
2019-02-11,2,17109,15118
2019-02-11,3,16974,14996
2019-02-11,4,17004,14814
2019-02-11,5,17098,14964
2019-02-11,6,17495,15615
2019-02-11,7,18896,16849
2019-02-11,8,20275,18125
2019-02-11,9,19989,18085
2019-02-11,10,19675,17909
2019-02-11,11,20385,17844
2019-02-11,12,20592,17847
2019-02-11,13,20235,17504
2019-02-11,14,20025,17329
2019-02-11,15,19770,17122
2019-02-11,16,19682,17361
2019-02-11,17,20304,18088
2019-02-11,18,21357,19042
2019-02-11,19,21548,19513
2019-02-11,20,21785,19322
2019-02-11,21,21160,18828
2019-02-11,22,20389,18078
2019-02-11,23,19373,17006
2019-02-11,24,18615,16171
2019-02-12,1,18184,15424
2019-02-12,2,18163,15059
2019-02-12,3,18122,14948
2019-02-12,4,18262,14879
2019-02-12,5,18435,15080
2019-02-12,6,18423,15847
2019-02-12,7,18906,17067
2019-02-12,8,20511,17902
2019-02-12,9,20286,18462
2019-02-12,10,21146,18963
2019-02-12,11,21129,19193
2019-02-12,12,20728,19093
2019-02-12,13,20599,19086
2019-02-12,14,20547,19214
2019-02-12,15,20577,19189
2019-02-12,16,20725,19229
2019-02-12,17,20424,19369
2019-02-12,18,20485,19819
2019-02-12,19,21155,19849
2019-02-12,20,21368,19521
2019-02-12,21,21342,18920
2019-02-12,22,20405,17952
2019-02-12,23,18890,16824
2019-02-12,24,18270,15845
2019-02-13,1,18171,15276
2019-02-13,2,18124,15026
2019-02-13,3,17774,14707
2019-02-13,4,17641,14581
2019-02-13,5,17782,14740
2019-02-13,6,18365,15360
2019-02-13,7,19388,16566
2019-02-13,8,20158,17449
2019-02-13,9,20796,17744
2019-02-13,10,20729,17846
2019-02-13,11,20750,17854
2019-02-13,12,20704,17912
2019-02-13,13,20547,17836
2019-02-13,14,20426,17886
2019-02-13,15,20115,17896
2019-02-13,16,20026,17955
2019-02-13,17,20227,18275
2019-02-13,18,21332,18970
2019-02-13,19,21689,19322
2019-02-13,20,21437,19084
2019-02-13,21,20992,18717
2019-02-13,22,20495,18081
2019-02-13,23,19678,17198
2019-02-13,24,18670,16181
2019-02-14,1,18053,15496
2019-02-14,2,17342,14984
2019-02-14,3,17584,14869
2019-02-14,4,17589,14825
2019-02-14,5,17853,15106
2019-02-14,6,17794,15795
2019-02-14,7,18617,16941
2019-02-14,8,19525,18077
2019-02-14,9,19270,18016
2019-02-14,10,19653,17947
2019-02-14,11,19596,17597
2019-02-14,12,19203,17142
2019-02-14,13,19031,16879
2019-02-14,14,19232,16831
2019-02-14,15,19326,16907
2019-02-14,16,19782,17383
2019-02-14,17,19725,17773
2019-02-14,18,20292,18271
2019-02-14,19,20902,18620
2019-02-14,20,20622,18539
2019-02-14,21,20046,18151
2019-02-14,22,19822,17551
2019-02-14,23,18815,16660
2019-02-14,24,18252,15759
2019-02-15,1,17443,14899
2019-02-15,2,16781,14267
2019-02-15,3,16390,14001
2019-02-15,4,16378,13942
2019-02-15,5,16628,14071
2019-02-15,6,17246,14407
2019-02-15,7,18376,15535
2019-02-15,8,19436,16910
2019-02-15,9,20041,17344
2019-02-15,10,20135,17402
2019-02-15,11,19823,17354
2019-02-15,12,19516,17275
2019-02-15,13,18999,17188
2019-02-15,14,18623,16780
2019-02-15,15,18686,16450
2019-02-15,16,19099,16708
2019-02-15,17,19823,17285
2019-02-15,18,20771,17982
2019-02-15,19,21001,18436
2019-02-15,20,20973,18339
2019-02-15,21,20533,18064
2019-02-15,22,19327,17554
2019-02-15,23,18379,16704
2019-02-15,24,17454,15644
2019-02-16,1,17002,14877
2019-02-16,2,16730,14469
2019-02-16,3,16492,14243
2019-02-16,4,16397,14404
2019-02-16,5,16256,14322
2019-02-16,6,16574,14544
2019-02-16,7,16867,14944
2019-02-16,8,17244,15663
2019-02-16,9,17717,16003
2019-02-16,10,17817,16136
2019-02-16,11,17686,16153
2019-02-16,12,17887,16156
2019-02-16,13,17722,15815
2019-02-16,14,17374,15395
2019-02-16,15,16784,15140
2019-02-16,16,16674,15271
2019-02-16,17,17416,16042
2019-02-16,18,18668,17297
2019-02-16,19,19143,17913
2019-02-16,20,19216,17731
2019-02-16,21,18850,17325
2019-02-16,22,18343,16941
2019-02-16,23,17700,16298
2019-02-16,24,17003,15571
2019-02-17,1,16713,15066
2019-02-17,2,16485,14698
2019-02-17,3,15987,14423
2019-02-17,4,15676,14255
2019-02-17,5,15879,14421
2019-02-17,6,16539,14647
2019-02-17,7,16464,15030
2019-02-17,8,16435,15350
2019-02-17,9,16421,15456
2019-02-17,10,16612,15536
2019-02-17,11,17163,15719
2019-02-17,12,17502,15633
2019-02-17,13,17684,15782
2019-02-17,14,18128,15990
2019-02-17,15,18297,16085
2019-02-17,16,18246,16229
2019-02-17,17,18440,16783
2019-02-17,18,19056,17653
2019-02-17,19,19547,17977
2019-02-17,20,19409,17658
2019-02-17,21,19340,17312
2019-02-17,22,19185,16905
2019-02-17,23,18609,16307
2019-02-17,24,17952,15687
2019-02-18,1,17196,15005
2019-02-18,2,16870,14682
2019-02-18,3,17087,14564
2019-02-18,4,17066,14544
2019-02-18,5,17418,14752
2019-02-18,6,17414,14985
2019-02-18,7,17457,15521
2019-02-18,8,17172,15799
2019-02-18,9,17907,16276
2019-02-18,10,18217,16677
2019-02-18,11,18227,16772
2019-02-18,12,18053,16492
2019-02-18,13,17816,15992
2019-02-18,14,17554,15383
2019-02-18,15,17602,15165
2019-02-18,16,17944,15409
2019-02-18,17,18868,16266
2019-02-18,18,20144,17541
2019-02-18,19,21037,18410
2019-02-18,20,21060,18547
2019-02-18,21,20504,18147
2019-02-18,22,20002,17602
2019-02-18,23,18874,16852
2019-02-18,24,17817,16001
2019-02-19,1,17265,15661
2019-02-19,2,17228,15445
2019-02-19,3,17463,15373
2019-02-19,4,17284,15472
2019-02-19,5,17334,15690
2019-02-19,6,17928,16281
2019-02-19,7,18966,17599
2019-02-19,8,20322,18781
2019-02-19,9,20505,18762
2019-02-19,10,19857,18287
2019-02-19,11,19930,17895
2019-02-19,12,19803,17500
2019-02-19,13,19552,17095
2019-02-19,14,19356,16963
2019-02-19,15,19003,16865
2019-02-19,16,19056,17186
2019-02-19,17,19987,17963
2019-02-19,18,20662,18944
2019-02-19,19,21215,19615
2019-02-19,20,21349,19758
2019-02-19,21,21045,19439
2019-02-19,22,20438,18721
2019-02-19,23,19187,17744
2019-02-19,24,17646,16673
2019-02-20,1,17536,16028
2019-02-20,2,17380,15658
2019-02-20,3,17566,15474
2019-02-20,4,17834,15403
2019-02-20,5,17464,15393
2019-02-20,6,17995,15802
2019-02-20,7,19562,17113
2019-02-20,8,20318,18090
2019-02-20,9,20633,18329
2019-02-20,10,20785,18476
2019-02-20,11,20957,18355
2019-02-20,12,20588,18127
2019-02-20,13,20405,17627
2019-02-20,14,20465,17542
2019-02-20,15,20499,17678
2019-02-20,16,20226,17981
2019-02-20,17,20395,18449
2019-02-20,18,20699,19287
2019-02-20,19,20952,19452
2019-02-20,20,20817,19195
2019-02-20,21,20502,18917
2019-02-20,22,20531,18364
2019-02-20,23,19139,17046
2019-02-20,24,17697,15769
2019-02-21,1,16907,15021
2019-02-21,2,16831,14873
2019-02-21,3,17424,14520
2019-02-21,4,17253,14364
2019-02-21,5,17152,14335
2019-02-21,6,17876,15016
2019-02-21,7,18835,16112
2019-02-21,8,19455,17174
2019-02-21,9,19721,17331
2019-02-21,10,20098,17465
2019-02-21,11,19761,17425
2019-02-21,12,19346,17232
2019-02-21,13,18961,16794
2019-02-21,14,18969,16710
2019-02-21,15,18654,16478
2019-02-21,16,18923,16723
2019-02-21,17,19480,17291
2019-02-21,18,20028,18000
2019-02-21,19,20454,18487
2019-02-21,20,20676,18679
2019-02-21,21,19896,18280
2019-02-21,22,19331,17711
2019-02-21,23,18097,16761
2019-02-21,24,17349,15772
2019-02-22,1,16597,14967
2019-02-22,2,16382,14568
2019-02-22,3,16356,14442
2019-02-22,4,16433,14423
2019-02-22,5,16482,14478
2019-02-22,6,16844,15014
2019-02-22,7,18201,16305
2019-02-22,8,19318,17405
2019-02-22,9,19151,17469
2019-02-22,10,18615,17106
2019-02-22,11,18546,16836
2019-02-22,12,18118,16649
2019-02-22,13,17937,16518
2019-02-22,14,18235,16506
2019-02-22,15,18274,16575
2019-02-22,16,18156,16589
2019-02-22,17,18737,17064
2019-02-22,18,19116,17723
2019-02-22,19,19741,18227
2019-02-22,20,19366,18280
2019-02-22,21,18904,17956
2019-02-22,22,18714,17382
2019-02-22,23,17543,16491
2019-02-22,24,16896,15495
2019-02-23,1,16749,14749
2019-02-23,2,16500,14331
2019-02-23,3,16254,13931
2019-02-23,4,16333,13880
2019-02-23,5,16329,13872
2019-02-23,6,16482,14081
2019-02-23,7,16770,14680
2019-02-23,8,17120,15214
2019-02-23,9,17951,15757
2019-02-23,10,18415,16037
2019-02-23,11,18365,15942
2019-02-23,12,18097,15706
2019-02-23,13,17763,15205
2019-02-23,14,17282,14869
2019-02-23,15,17022,14532
2019-02-23,16,17217,14734
2019-02-23,17,18336,15616
2019-02-23,18,18797,16597
2019-02-23,19,18962,17038
2019-02-23,20,18634,16773
2019-02-23,21,18624,16379
2019-02-23,22,18145,15847
2019-02-23,23,17472,14950
2019-02-23,24,16963,14224
2019-02-24,1,16540,13619
2019-02-24,2,16430,13388
2019-02-24,3,16273,13187
2019-02-24,4,16350,13068
2019-02-24,5,16388,13041
2019-02-24,6,16666,13090
2019-02-24,7,16699,13640
2019-02-24,8,17342,14418
2019-02-24,9,17551,14900
2019-02-24,10,17596,15213
2019-02-24,11,17785,15394
2019-02-24,12,18193,15758
2019-02-24,13,18528,16101
2019-02-24,14,18580,16134
2019-02-24,15,18613,16248
2019-02-24,16,18907,16535
2019-02-24,17,19254,17064
2019-02-24,18,19829,17658
2019-02-24,19,19929,17796
2019-02-24,20,19459,17535
2019-02-24,21,19626,17259
2019-02-24,22,19085,16658
2019-02-24,23,18059,15773
2019-02-24,24,17479,14989
2019-02-25,1,16882,14385
2019-02-25,2,16689,13901
2019-02-25,3,16702,13793
2019-02-25,4,16891,13894
2019-02-25,5,16999,14107
2019-02-25,6,17624,14677
2019-02-25,7,18824,16002
2019-02-25,8,19878,17081
2019-02-25,9,20020,17303
2019-02-25,10,19903,17455
2019-02-25,11,19845,17506
2019-02-25,12,19554,17366
2019-02-25,13,19974,17277
2019-02-25,14,20033,17274
2019-02-25,15,20153,17226
2019-02-25,16,19997,17449
2019-02-25,17,21005,18146
2019-02-25,18,21827,19088
2019-02-25,19,21796,19438
2019-02-25,20,21418,19505
2019-02-25,21,21181,19242
2019-02-25,22,20536,18579
2019-02-25,23,19337,17353
2019-02-25,24,18475,16312
2019-02-26,1,18165,15757
2019-02-26,2,17711,15303
2019-02-26,3,17764,15284
2019-02-26,4,17697,15269
2019-02-26,5,17906,15391
2019-02-26,6,18544,16007
2019-02-26,7,19356,17354
2019-02-26,8,20556,18397
2019-02-26,9,20213,18350
2019-02-26,10,19783,17794
2019-02-26,11,19571,17445
2019-02-26,12,19563,17392
2019-02-26,13,19446,17220
2019-02-26,14,19124,17065
2019-02-26,15,19233,17023
2019-02-26,16,19040,17261
2019-02-26,17,20493,18470
2019-02-26,18,20986,19401
2019-02-26,19,21321,19879
2019-02-26,20,21409,19945
2019-02-26,21,20985,19661
2019-02-26,22,20880,19018
2019-02-26,23,19566,17882
2019-02-26,24,18635,16956
2019-02-27,1,18385,16318
2019-02-27,2,18163,15941
2019-02-27,3,17674,15567
2019-02-27,4,17123,15361
2019-02-27,5,17412,15642
2019-02-27,6,18363,16385
2019-02-27,7,19829,17693
2019-02-27,8,20442,18678
2019-02-27,9,20670,18772
2019-02-27,10,20878,18927
2019-02-27,11,21301,19174
2019-02-27,12,20999,19132
2019-02-27,13,21205,19364
2019-02-27,14,21050,19421
2019-02-27,15,21202,19311
2019-02-27,16,20830,19240
2019-02-27,17,20756,19500
2019-02-27,18,21121,20009
2019-02-27,19,21357,20230
2019-02-27,20,21699,20378
2019-02-27,21,20975,19885
2019-02-27,22,20382,19093
2019-02-27,23,19476,18083
2019-02-27,24,18612,17143
2019-02-28,1,17991,16416
2019-02-28,2,17602,16034
2019-02-28,3,17724,15917
2019-02-28,4,17997,15882
2019-02-28,5,18208,16079
2019-02-28,6,18597,16694
2019-02-28,7,19669,18107
2019-02-28,8,20337,19057
2019-02-28,9,20170,18838
2019-02-28,10,20345,18406
2019-02-28,11,20233,17843
2019-02-28,12,20009,17520
2019-02-28,13,19346,17150
2019-02-28,14,18990,16913
2019-02-28,15,18763,16753
2019-02-28,16,19250,17192
2019-02-28,17,20086,18016
2019-02-28,18,20804,18970
2019-02-28,19,21669,19496
2019-02-28,20,22016,19608
2019-02-28,21,21632,19198
2019-02-28,22,21148,18575
2019-02-28,23,19724,17518
2019-02-28,24,19130,16582
2019-03-01,1,18226,15847
2019-03-01,2,17889,15445
2019-03-01,3,17836,15257
2019-03-01,4,17972,15340
2019-03-01,5,18071,15581
2019-03-01,6,18832,16201
2019-03-01,7,19614,17413
2019-03-01,8,20015,18166
2019-03-01,9,19699,17717
2019-03-01,10,19301,17107
2019-03-01,11,18786,16745
2019-03-01,12,19066,16584
2019-03-01,13,18293,16376
2019-03-01,14,17657,16169
2019-03-01,15,17614,15955
2019-03-01,16,17661,16208
2019-03-01,17,18553,16885
2019-03-01,18,19570,17832
2019-03-01,19,20525,18374
2019-03-01,20,20443,18526
2019-03-01,21,20236,18263
2019-03-01,22,19013,17636
2019-03-01,23,17880,16602
2019-03-01,24,17175,15630
2019-03-02,1,16063,14896
2019-03-02,2,15853,14556
2019-03-02,3,15837,14383
2019-03-02,4,15793,14322
2019-03-02,5,16127,14369
2019-03-02,6,16701,14608
2019-03-02,7,16676,15195
2019-03-02,8,16886,15783
2019-03-02,9,17421,16247
2019-03-02,10,17889,16701
2019-03-02,11,18052,17040
2019-03-02,12,18430,17222
2019-03-02,13,18118,17046
2019-03-02,14,17303,16588
2019-03-02,15,17197,16258
2019-03-02,16,17436,16554
2019-03-02,17,17343,16719
2019-03-02,18,17928,17149
2019-03-02,19,18407,17704
2019-03-02,20,18533,17617
2019-03-02,21,17912,17245
2019-03-02,22,17443,16733
2019-03-02,23,16913,16035
2019-03-02,24,16415,15352
2019-03-03,1,16000,14831
2019-03-03,2,15884,14445
2019-03-03,3,15632,14101
2019-03-03,4,15234,13983
2019-03-03,5,15187,14037
2019-03-03,6,15409,14200
2019-03-03,7,15894,14803
2019-03-03,8,16031,15043
2019-03-03,9,16621,15393
2019-03-03,10,16870,15426
2019-03-03,11,16708,15353
2019-03-03,12,16790,15269
2019-03-03,13,16997,15335
2019-03-03,14,17322,15625
2019-03-03,15,17351,15641
2019-03-03,16,17370,16200
2019-03-03,17,17894,16978
2019-03-03,18,18572,17726
2019-03-03,19,19677,18456
2019-03-03,20,18982,17998
2019-03-03,21,18785,17775
2019-03-03,22,17915,17162
2019-03-03,23,17304,16428
2019-03-03,24,17367,15891
2019-03-04,1,16391,15069
2019-03-04,2,16049,14644
2019-03-04,3,15971,14683
2019-03-04,4,16533,14852
2019-03-04,5,17087,15322
2019-03-04,6,17639,15861
2019-03-04,7,18745,17129
2019-03-04,8,20178,18219
2019-03-04,9,19985,18306
2019-03-04,10,19768,17959
2019-03-04,11,19186,17501
2019-03-04,12,18775,17016
2019-03-04,13,18558,16711
2019-03-04,14,18249,16645
2019-03-04,15,18294,16795
2019-03-04,16,18786,17201
2019-03-04,17,19387,17868
2019-03-04,18,20248,18792
2019-03-04,19,20935,19407
2019-03-04,20,20746,19630
2019-03-04,21,20275,19124
2019-03-04,22,19711,18528
2019-03-04,23,19049,17540
2019-03-04,24,18291,16746
2019-03-05,1,17480,16050
2019-03-05,2,17282,15704
2019-03-05,3,17133,15497
2019-03-05,4,17030,15404
2019-03-05,5,17195,15654
2019-03-05,6,18125,16302
2019-03-05,7,18968,17314
2019-03-05,8,20154,18210
2019-03-05,9,20477,18352
2019-03-05,10,20218,18066
2019-03-05,11,19610,17624
2019-03-05,12,19297,17454
2019-03-05,13,19491,17356
2019-03-05,14,19747,17440
2019-03-05,15,20093,17654
2019-03-05,16,20265,18054
2019-03-05,17,20615,18675
2019-03-05,18,20762,19225
2019-03-05,19,21381,19891
2019-03-05,20,21594,20263
2019-03-05,21,21296,19864
2019-03-05,22,20571,19065
2019-03-05,23,19407,17983
2019-03-05,24,18484,16863
2019-03-06,1,18264,16131
2019-03-06,2,18391,15936
2019-03-06,3,18671,15782
2019-03-06,4,18415,15781
2019-03-06,5,18536,16011
2019-03-06,6,18769,16589
2019-03-06,7,20349,17933
2019-03-06,8,20871,18822
2019-03-06,9,20873,18800
2019-03-06,10,20156,18091
2019-03-06,11,19727,17506
2019-03-06,12,19530,17367
2019-03-06,13,19368,17204
2019-03-06,14,19374,17235
2019-03-06,15,19418,17284
2019-03-06,16,19074,17481
2019-03-06,17,19700,18180
2019-03-06,18,20695,19044
2019-03-06,19,21765,19944
2019-03-06,20,21911,20168
2019-03-06,21,21599,19761
2019-03-06,22,20825,19027
2019-03-06,23,19977,17925
2019-03-06,24,19090,16820
2019-03-07,1,18382,16049
2019-03-07,2,18096,15692
2019-03-07,3,18155,15683
2019-03-07,4,18145,15709
2019-03-07,5,18210,15749
2019-03-07,6,18883,16432
2019-03-07,7,19966,17765
2019-03-07,8,20607,18725
2019-03-07,9,20250,18429
2019-03-07,10,20067,17891
2019-03-07,11,19440,17356
2019-03-07,12,19314,17050
2019-03-07,13,19275,16872
2019-03-07,14,19249,16892
2019-03-07,15,19114,16834
2019-03-07,16,19284,17012
2019-03-07,17,20213,17974
2019-03-07,18,20415,18702
2019-03-07,19,21474,19584
2019-03-07,20,21288,19753
2019-03-07,21,20910,19462
2019-03-07,22,20560,18687
2019-03-07,23,19607,17739
2019-03-07,24,18610,16592
2019-03-08,1,17648,15955
2019-03-08,2,17222,15671
2019-03-08,3,17386,15600
2019-03-08,4,17404,15558
2019-03-08,5,17852,15761
2019-03-08,6,18522,16396
2019-03-08,7,19415,17563
2019-03-08,8,19641,18246
2019-03-08,9,19641,17960
2019-03-08,10,19752,17390
2019-03-08,11,19548,16969
2019-03-08,12,18913,16711
2019-03-08,13,18541,16457
2019-03-08,14,18154,16238
2019-03-08,15,17857,16028
2019-03-08,16,17638,16062
2019-03-08,17,17912,16710
2019-03-08,18,18555,17493
2019-03-08,19,19689,18261
2019-03-08,20,19988,18683
2019-03-08,21,19588,18366
2019-03-08,22,18723,17693
2019-03-08,23,17955,16840
2019-03-08,24,16885,15895
2019-03-09,1,16729,15294
2019-03-09,2,16400,14913
2019-03-09,3,16288,14761
2019-03-09,4,16222,14777
2019-03-09,5,16330,14771
2019-03-09,6,16016,15049
2019-03-09,7,16605,15619
2019-03-09,8,16672,15687
2019-03-09,9,16407,15464
2019-03-09,10,16378,15098
2019-03-09,11,16451,14805
2019-03-09,12,16906,14624
2019-03-09,13,16994,14656
2019-03-09,14,16790,14443
2019-03-09,15,16646,14320
2019-03-09,16,16726,14500
2019-03-09,17,17340,15114
2019-03-09,18,17848,16100
2019-03-09,19,18859,17003
2019-03-09,20,18789,16860
2019-03-09,21,18283,16454
2019-03-09,22,17773,15954
2019-03-09,23,17221,15441
2019-03-09,24,16889,14701
2019-03-10,1,16584,14242
2019-03-10,2,16645,13931
2019-03-10,3,16367,13774
2019-03-10,4,15548,13625
2019-03-10,5,15943,13507
2019-03-10,6,16224,13673
2019-03-10,7,16627,14048
2019-03-10,8,17260,14794
2019-03-10,9,18088,15326
2019-03-10,10,18403,15782
2019-03-10,11,18252,16097
2019-03-10,12,18078,16240
2019-03-10,13,17850,16288
2019-03-10,14,17611,16282
2019-03-10,15,17678,16454
2019-03-10,16,18283,16841
2019-03-10,17,18306,17111
2019-03-10,18,18368,17111
2019-03-10,19,18202,17256
2019-03-10,20,18245,16759
2019-03-10,21,17980,16241
2019-03-10,22,17363,15592
2019-03-10,23,17140,14813
2019-03-10,24,16641,14215
2019-03-11,1,16403,13803
2019-03-11,2,15980,13652
2019-03-11,3,16210,13602
2019-03-11,4,16481,13725
2019-03-11,5,16679,14351
2019-03-11,6,17747,15393
2019-03-11,7,18391,16302
2019-03-11,8,18923,16953
2019-03-11,9,19161,17125
2019-03-11,10,19273,16998
2019-03-11,11,19189,17083
2019-03-11,12,19012,16924
2019-03-11,13,18844,16856
2019-03-11,14,18833,16725
2019-03-11,15,18555,16603
2019-03-11,16,18445,16879
2019-03-11,17,19127,17416
2019-03-11,18,19231,17594
2019-03-11,19,19270,18132
2019-03-11,20,19355,18295
2019-03-11,21,18311,17415
2019-03-11,22,17548,16450
2019-03-11,23,16816,15492
2019-03-11,24,16297,14691
2019-03-12,1,16007,14249
2019-03-12,2,15997,14115
2019-03-12,3,16291,14033
2019-03-12,4,16072,14073
2019-03-12,5,16618,14663
2019-03-12,6,17440,15794
2019-03-12,7,19177,17202
2019-03-12,8,19621,17505
2019-03-12,9,19082,17057
2019-03-12,10,18472,16384
2019-03-12,11,17996,15788
2019-03-12,12,17285,15431
2019-03-12,13,16668,15032
2019-03-12,14,16468,14727
2019-03-12,15,16591,14830
2019-03-12,16,16606,14959
2019-03-12,17,17254,15655
2019-03-12,18,17668,16258
2019-03-12,19,18446,17067
2019-03-12,20,18848,17519
2019-03-12,21,18396,16935
2019-03-12,22,17321,15978
2019-03-12,23,16661,15054
2019-03-12,24,16165,14348
2019-03-13,1,15266,13969
2019-03-13,2,14975,13717
2019-03-13,3,14885,13658
2019-03-13,4,14989,13703
2019-03-13,5,15746,14430
2019-03-13,6,16939,15651
2019-03-13,7,18375,16684
2019-03-13,8,18791,16979
2019-03-13,9,18618,16926
2019-03-13,10,18615,17044
2019-03-13,11,18593,17103
2019-03-13,12,18348,16944
2019-03-13,13,18184,16919
2019-03-13,14,17918,16822
2019-03-13,15,18304,16937
2019-03-13,16,18773,17261
2019-03-13,17,18643,17445
2019-03-13,18,18419,17413
2019-03-13,19,18703,17815
2019-03-13,20,18789,17685
2019-03-13,21,18421,16990
2019-03-13,22,17755,15967
2019-03-13,23,16766,14915
2019-03-13,24,16080,14105
2019-03-14,1,15763,13640
2019-03-14,2,15680,13369
2019-03-14,3,15560,13297
2019-03-14,4,15607,13311
2019-03-14,5,16222,13888
2019-03-14,6,17236,14918
2019-03-14,7,18299,16020
2019-03-14,8,18547,16342
2019-03-14,9,18410,16266
2019-03-14,10,18263,16070
2019-03-14,11,18330,16060
2019-03-14,12,18123,15981
2019-03-14,13,18359,16111
2019-03-14,14,18419,16137
2019-03-14,15,18496,16328
2019-03-14,16,18179,16327
2019-03-14,17,17628,16449
2019-03-14,18,17690,16629
2019-03-14,19,18491,17115
2019-03-14,20,18733,16936
2019-03-14,21,18460,16314
2019-03-14,22,17601,15405
2019-03-14,23,17109,14499
2019-03-14,24,16315,13590
2019-03-15,1,15599,12940
2019-03-15,2,15561,12780
2019-03-15,3,15599,12652
2019-03-15,4,15709,12724
2019-03-15,5,15977,13313
2019-03-15,6,17060,14467
2019-03-15,7,17929,15418
2019-03-15,8,18276,15880
2019-03-15,9,18350,16069
2019-03-15,10,18707,16273
2019-03-15,11,18541,16284
2019-03-15,12,18352,16107
2019-03-15,13,18295,16170
2019-03-15,14,18146,16115
2019-03-15,15,18240,16064
2019-03-15,16,18291,16182
2019-03-15,17,18563,16457
2019-03-15,18,18966,16764
2019-03-15,19,19501,17161
2019-03-15,20,18821,16957
2019-03-15,21,18424,16428
2019-03-15,22,17473,15478
2019-03-15,23,17058,14501
2019-03-15,24,16834,13809
2019-03-16,1,16498,13342
2019-03-16,2,16372,13078
2019-03-16,3,16194,13082
2019-03-16,4,15893,13005
2019-03-16,5,16425,13375
2019-03-16,6,16829,13849
2019-03-16,7,16914,14325
2019-03-16,8,17526,14940
2019-03-16,9,18104,15487
2019-03-16,10,17861,15355
2019-03-16,11,17368,14831
2019-03-16,12,17567,14753
2019-03-16,13,17591,14754
2019-03-16,14,17620,14753
2019-03-16,15,17580,14720
2019-03-16,16,18223,15267
2019-03-16,17,18224,15793
2019-03-16,18,18615,16216
2019-03-16,19,19317,16739
2019-03-16,20,19063,16637
2019-03-16,21,18895,16159
2019-03-16,22,18410,15548
2019-03-16,23,18009,14825
2019-03-16,24,16759,14218
2019-03-17,1,16591,13853
2019-03-17,2,16288,13636
2019-03-17,3,16411,13526
2019-03-17,4,15912,13517
2019-03-17,5,16399,13810
2019-03-17,6,16361,14248
2019-03-17,7,16277,14625
2019-03-17,8,16452,14880
2019-03-17,9,15984,14809
2019-03-17,10,15730,14539
2019-03-17,11,15922,14470
2019-03-17,12,16023,14307
2019-03-17,13,15865,14121
2019-03-17,14,15709,13965
2019-03-17,15,16309,14308
2019-03-17,16,17071,15093
2019-03-17,17,17454,15672
2019-03-17,18,17449,16123
2019-03-17,19,18261,16739
2019-03-17,20,18687,16989
2019-03-17,21,18235,16551
2019-03-17,22,17557,15619
2019-03-17,23,17213,14834
2019-03-17,24,16718,14168
2019-03-18,1,16061,13822
2019-03-18,2,15984,13835
2019-03-18,3,16088,13931
2019-03-18,4,16255,14151
2019-03-18,5,16822,14718
2019-03-18,6,18745,16048
2019-03-18,7,19772,17456
2019-03-18,8,19279,17257
2019-03-18,9,18925,16523
2019-03-18,10,18897,16129
2019-03-18,11,18755,15862
2019-03-18,12,18634,16097
2019-03-18,13,18422,15966
2019-03-18,14,18007,15674
2019-03-18,15,17669,15473
2019-03-18,16,17707,15747
2019-03-18,17,18109,16268
2019-03-18,18,18706,16788
2019-03-18,19,20059,17647
2019-03-18,20,20223,17951
2019-03-18,21,19679,17193
2019-03-18,22,18753,16115
2019-03-18,23,17581,15086
2019-03-18,24,16771,14384
2019-03-19,1,16823,14142
2019-03-19,2,16943,14073
2019-03-19,3,16971,14057
2019-03-19,4,16958,14229
2019-03-19,5,16694,14715
2019-03-19,6,18171,16055
2019-03-19,7,19463,17453
2019-03-19,8,19305,17275
2019-03-19,9,19123,16533
2019-03-19,10,18591,15977
2019-03-19,11,17988,15535
2019-03-19,12,17400,15178
2019-03-19,13,17145,15151
2019-03-19,14,16855,15111
2019-03-19,15,16976,15161
2019-03-19,16,17055,15418
2019-03-19,17,17915,16113
2019-03-19,18,18224,16540
2019-03-19,19,19269,17225
2019-03-19,20,19252,17519
2019-03-19,21,19192,17011
2019-03-19,22,17826,15910
2019-03-19,23,17112,14713
2019-03-19,24,16660,14013
2019-03-20,1,16562,13653
2019-03-20,2,16513,13630
2019-03-20,3,16694,13565
2019-03-20,4,16583,13566
2019-03-20,5,17017,14086
2019-03-20,6,17999,15350
2019-03-20,7,19152,16667
2019-03-20,8,19141,16555
2019-03-20,9,18570,15873
2019-03-20,10,18303,15562
2019-03-20,11,17681,15198
2019-03-20,12,17280,14735
2019-03-20,13,17225,14719
2019-03-20,14,17477,14771
2019-03-20,15,17600,14871
2019-03-20,16,17740,15310
2019-03-20,17,18470,16134
2019-03-20,18,18953,16578
2019-03-20,19,19335,17156
2019-03-20,20,19287,17396
2019-03-20,21,18933,16634
2019-03-20,22,18035,15588
2019-03-20,23,16587,14415
2019-03-20,24,15975,13797
2019-03-21,1,15639,13429
2019-03-21,2,15535,13160
2019-03-21,3,15223,13142
2019-03-21,4,15383,13393
2019-03-21,5,15990,13735
2019-03-21,6,17519,15020
2019-03-21,7,18751,16337
2019-03-21,8,18945,16759
2019-03-21,9,19087,16732
2019-03-21,10,19139,16750
2019-03-21,11,18849,16586
2019-03-21,12,18778,16456
2019-03-21,13,18491,16520
2019-03-21,14,18289,16320
2019-03-21,15,18277,16261
2019-03-21,16,18476,16476
2019-03-21,17,18896,16777
2019-03-21,18,18810,16803
2019-03-21,19,18857,17164
2019-03-21,20,19128,17209
2019-03-21,21,18679,16447
2019-03-21,22,17778,15553
2019-03-21,23,17019,14577
2019-03-21,24,16437,13762
2019-03-22,1,15925,13297
2019-03-22,2,15398,12939
2019-03-22,3,15647,12935
2019-03-22,4,15877,13145
2019-03-22,5,16420,13735
2019-03-22,6,17401,14937
2019-03-22,7,18466,16337
2019-03-22,8,18702,16646
2019-03-22,9,18232,16284
2019-03-22,10,18177,16037
2019-03-22,11,17958,15774
2019-03-22,12,17689,15494
2019-03-22,13,17977,15537
2019-03-22,14,17857,15383
2019-03-22,15,17820,15344
2019-03-22,16,17996,15522
2019-03-22,17,18406,15933
2019-03-22,18,18880,16409
2019-03-22,19,19460,17049
2019-03-22,20,19598,17409
2019-03-22,21,19645,16983
2019-03-22,22,18858,16113
2019-03-22,23,18071,15084
2019-03-22,24,17171,14285
2019-03-23,1,16705,13838
2019-03-23,2,16567,13651
2019-03-23,3,16566,13576
2019-03-23,4,16770,13586
2019-03-23,5,16851,13883
2019-03-23,6,17026,14423
2019-03-23,7,17165,14963
2019-03-23,8,17243,15208
2019-03-23,9,16715,14870
2019-03-23,10,16944,14740
2019-03-23,11,17124,14715
2019-03-23,12,17327,14467
2019-03-23,13,17041,14152
2019-03-23,14,16375,13686
2019-03-23,15,15972,13436
2019-03-23,16,16591,13737
2019-03-23,17,17148,14390
2019-03-23,18,17635,15050
2019-03-23,19,18124,15697
2019-03-23,20,18453,16049
2019-03-23,21,18015,15539
2019-03-23,22,16653,14749
2019-03-23,23,16036,14015
2019-03-23,24,16120,13369
2019-03-24,1,16044,12876
2019-03-24,2,15976,12756
2019-03-24,3,16045,12663
2019-03-24,4,16128,12717
2019-03-24,5,16085,12936
2019-03-24,6,16517,13495
2019-03-24,7,16430,13821
2019-03-24,8,16457,14033
2019-03-24,9,16443,14227
2019-03-24,10,16521,14368
2019-03-24,11,16728,14475
2019-03-24,12,16911,14509
2019-03-24,13,16286,14150
2019-03-24,14,16071,13823
2019-03-24,15,16034,13984
2019-03-24,16,16499,14431
2019-03-24,17,17391,15088
2019-03-24,18,17815,15628
2019-03-24,19,18125,16136
2019-03-24,20,18390,16523
2019-03-24,21,17851,16191
2019-03-24,22,17239,15432
2019-03-24,23,16788,14492
2019-03-24,24,15636,13568
2019-03-25,1,15240,13389
2019-03-25,2,15182,13340
2019-03-25,3,15392,13340
2019-03-25,4,15330,13493
2019-03-25,5,15915,14211
2019-03-25,6,16999,15463
2019-03-25,7,19027,16784
2019-03-25,8,18881,16683
2019-03-25,9,17758,15983
2019-03-25,10,16675,15461
2019-03-25,11,16635,15075
2019-03-25,12,16768,15141
2019-03-25,13,17067,15007
2019-03-25,14,16984,14700
2019-03-25,15,16835,14526
2019-03-25,16,16794,14960
2019-03-25,17,17728,15592
2019-03-25,18,18350,16071
2019-03-25,19,19168,16988
2019-03-25,20,20009,17565
2019-03-25,21,19090,17100
2019-03-25,22,17926,15969
2019-03-25,23,16910,14970
2019-03-25,24,16308,14258
2019-03-26,1,16426,14013
2019-03-26,2,16403,13955
2019-03-26,3,16276,13904
2019-03-26,4,16449,13998
2019-03-26,5,17191,14501
2019-03-26,6,18228,15969
2019-03-26,7,19385,17259
2019-03-26,8,18916,16928
2019-03-26,9,18184,16006
2019-03-26,10,17970,15522
2019-03-26,11,17463,15203
2019-03-26,12,17089,15035
2019-03-26,13,16931,14919
2019-03-26,14,16910,14737
2019-03-26,15,16935,14722
2019-03-26,16,17227,15265
2019-03-26,17,17999,15948
2019-03-26,18,18394,16417
2019-03-26,19,19274,17199
2019-03-26,20,19503,17592
2019-03-26,21,18882,17103
2019-03-26,22,17966,16269
2019-03-26,23,16529,14930
2019-03-26,24,16001,14211
2019-03-27,1,15728,13948
2019-03-27,2,16297,13834
2019-03-27,3,16264,13605
2019-03-27,4,16723,13752
2019-03-27,5,17181,14331
2019-03-27,6,18179,15677
2019-03-27,7,19063,16898
2019-03-27,8,18807,16705
2019-03-27,9,18268,15824
2019-03-27,10,17593,15227
2019-03-27,11,17161,14944
2019-03-27,12,17103,14821
2019-03-27,13,16882,14572
2019-03-27,14,16697,14422
2019-03-27,15,16432,14368
2019-03-27,16,16780,14782
2019-03-27,17,17446,15453
2019-03-27,18,17897,15994
2019-03-27,19,18525,16685
2019-03-27,20,18624,17055
2019-03-27,21,18316,16326
2019-03-27,22,17721,15251
2019-03-27,23,16949,14126
2019-03-27,24,16336,13430
2019-03-28,1,16039,12922
2019-03-28,2,15958,12800
2019-03-28,3,16030,12798
2019-03-28,4,16139,12977
2019-03-28,5,16699,13458
2019-03-28,6,17797,14546
2019-03-28,7,19012,15941
2019-03-28,8,19180,16380
2019-03-28,9,19288,16362
2019-03-28,10,19096,16469
2019-03-28,11,19094,16415
2019-03-28,12,18369,15998
2019-03-28,13,17509,15451
2019-03-28,14,17185,15337
2019-03-28,15,17666,15460
2019-03-28,16,18725,16012
2019-03-28,17,18803,16220
2019-03-28,18,18364,16133
2019-03-28,19,18545,16489
2019-03-28,20,19253,16765
2019-03-28,21,18263,16006
2019-03-28,22,17144,15032
2019-03-28,23,16381,13943
2019-03-28,24,15681,13198
2019-03-29,1,15707,12983
2019-03-29,2,15302,12959
2019-03-29,3,15054,12697
2019-03-29,4,15058,12881
2019-03-29,5,16248,13664
2019-03-29,6,17324,14968
2019-03-29,7,18450,16278
2019-03-29,8,18648,16487
2019-03-29,9,17777,15860
2019-03-29,10,17368,15328
2019-03-29,11,16908,14746
2019-03-29,12,16917,14493
2019-03-29,13,16607,14202
2019-03-29,14,16380,14057
2019-03-29,15,15975,13732
2019-03-29,16,16184,13976
2019-03-29,17,16848,14704
2019-03-29,18,17325,15154
2019-03-29,19,17899,15775
2019-03-29,20,18098,16171
2019-03-29,21,17889,15791
2019-03-29,22,16926,14993
2019-03-29,23,16219,14017
2019-03-29,24,15180,13185
2019-03-30,1,14221,12631
2019-03-30,2,14064,12308
2019-03-30,3,14485,12210
2019-03-30,4,14965,12250
2019-03-30,5,15654,12571
2019-03-30,6,16181,13289
2019-03-30,7,15970,13963
2019-03-30,8,16667,15046
2019-03-30,9,17671,15938
2019-03-30,10,18232,16347
2019-03-30,11,17754,16523
2019-03-30,12,17330,16467
2019-03-30,13,16603,15938
2019-03-30,14,16415,15596
2019-03-30,15,16773,15559
2019-03-30,16,16811,15683
2019-03-30,17,17381,16061
2019-03-30,18,17394,16055
2019-03-30,19,17637,16167
2019-03-30,20,17205,15855
2019-03-30,21,17067,15504
2019-03-30,22,17056,14968
2019-03-30,23,16684,14274
2019-03-30,24,16251,13650
2019-03-31,1,15456,13209
2019-03-31,2,15445,12861
2019-03-31,3,15349,12641
2019-03-31,4,15476,12791
2019-03-31,5,15636,13029
2019-03-31,6,15845,13460
2019-03-31,7,16154,13867
2019-03-31,8,16807,14661
2019-03-31,9,17007,15254
2019-03-31,10,16643,15345
2019-03-31,11,16739,15434
2019-03-31,12,16977,15419
2019-03-31,13,16904,15277
2019-03-31,14,16788,15084
2019-03-31,15,16565,14842
2019-03-31,16,16933,15225
2019-03-31,17,17854,15988
2019-03-31,18,18376,16320
2019-03-31,19,18597,16690
2019-03-31,20,18633,16892
2019-03-31,21,18338,16519
2019-03-31,22,17579,15698
2019-03-31,23,16833,14606
2019-03-31,24,16044,13861
2019-04-01,1,15695,13521
2019-04-01,2,15608,13406
2019-04-01,3,15852,13539
2019-04-01,4,16181,13788
2019-04-01,5,16797,14501
2019-04-01,6,18113,15899
2019-04-01,7,19036,17067
2019-04-01,8,18948,16990
2019-04-01,9,18537,16525
2019-04-01,10,18065,15924
2019-04-01,11,17687,15542
2019-04-01,12,17465,15326
2019-04-01,13,17293,15277
2019-04-01,14,17047,14952
2019-04-01,15,16772,14742
2019-04-01,16,17038,15042
2019-04-01,17,17626,15797
2019-04-01,18,17754,16147
2019-04-01,19,18840,16981
2019-04-01,20,19460,17645
2019-04-01,21,18725,16863
2019-04-01,22,17734,15707
2019-04-01,23,16753,14577
2019-04-01,24,16036,13786
