,0
0,2018-01-01
1,2018-02-19
2,2018-03-30
3,2018-05-21
4,2018-07-01
5,2018-07-02
6,2018-08-06
7,2018-09-03
8,2018-10-08
9,2018-12-25
10,2018-12-26
11,2019-01-01
12,2019-02-18
13,2019-04-19
14,2019-05-20
15,2019-07-01
16,2019-08-05
17,2019-09-02
18,2019-10-14
19,2019-12-25
20,2019-12-26
21,2020-01-01
22,2020-02-17
23,2020-04-10
24,2020-05-18
25,2020-07-01
26,2020-08-03
27,2020-09-07
28,2020-10-12
29,2020-12-25
30,2020-12-28
31,2021-01-01
32,2021-02-15
33,2021-04-02
34,2021-05-24
35,2021-07-01
36,2021-08-02
37,2021-09-06
38,2021-09-30
39,2021-10-11
40,2021-12-24
41,2021-12-25
42,2021-12-27
43,2021-12-31
44,2022-01-01
45,2022-02-21
46,2022-04-15
47,2022-05-23
48,2022-07-01
49,2022-08-01
50,2022-09-05
51,2022-10-10
52,2022-12-25
53,2022-12-26
54,2022-12-27
55,2023-01-01
56,2023-01-02
57,2023-02-20
58,2023-04-07
59,2023-05-22
60,2023-07-01
61,2023-07-03
62,2023-08-07
63,2023-09-04
64,2023-10-09
65,2023-12-25
66,2023-12-26
67,2024-01-01
68,2024-02-19
69,2024-03-29
70,2024-05-20
71,2024-07-01
72,2024-08-05
73,2024-09-02
74,2024-10-14
75,2024-12-25
76,2024-12-26
77,2025-01-01
78,2025-02-17
79,2025-04-18
80,2025-05-19
81,2025-07-01
82,2025-08-04
83,2025-09-01
84,2025-10-13
85,2025-12-25
86,2025-12-26
